llm_experience_level,postings,avg_posting_salary,median_posting_salary,min_posting_salary,max_posting_salary,avg_skill_count
entry,504,64394.2575,62423.97,9999.41,200294.75,0.878968253968254
mid,1058,101510.63586011343,94808.765,9999.41,320186.4,1.4716446124763705
senior,534,113618.69046816479,102927.685,12449.67,300330.7,1.2715355805243447
manager,318,140181.11160377358,136131.405,28326.35,381177.66,1.3238993710691824
unspecified,569,103194.6992970123,95395.89,33577.35,400000,1.0017574692442883
