llm_experience_level,postings,avg_salary,median_salary,min_salary,max_salary,avg_skill_count
manager,318,140181.11160377358,140181.11160377358,140181.11160377358,140181.11160377358,1.3238993710691824
senior,534,113618.69046816479,113618.69046816479,113618.69046816479,113618.69046816479,1.2715355805243447
unspecified,569,103194.6992970123,103194.6992970123,103194.6992970123,103194.6992970123,1.0017574692442883
mid,1058,101510.63586011343,101510.63586011343,101510.63586011343,101510.63586011343,1.4716446124763705
entry,504,64394.2575,64394.2575,64394.2575,64394.2575,0.878968253968254
