llm_experience_level,n,share
mid,1058,0.3546765001676165
unspecified,569,0.1907475695608448
senior,534,0.17901441501843782
entry,504,0.16895742541066042
manager,318,0.10660408984244049
